1e+29,1.0562720801618404e+21,1.490621591680596e+26
1.0235033548045441e+29,1.0981221250088361e+21,1.5256564529317639e+26
1.0475591172961567e+29,1.1416088901358639e+21,1.5615147610203303e+26
1.0721802709087033e+29,1.1867954834297413e+21,1.598215870094542e+26
1.097380104230303e+29,1.233747403864041e+21,1.6357795892732946e+26
1.1231722181754755e+29,1.2825138688962354e+21,1.6742261928802938e+26
1.1495705333258607e+29,1.333178451742485e+21,1.7135764323810625e+26
1.1765892974434675e+29,1.385818181023675e+21,1.7538515466827843e+26
1.2042430931605107e+29,1.4405089373869247e+21,1.7950732739526343e+26
1.2325468458499842e+29,1.497329465072928e+21,1.837263863292683e+26
1.261515831681218e+29,1.5563601822672492e+21,1.8804460866260724e+26
1.2911656858647712e+29,1.6176593423916377e+21,1.924643251005779e+26
1.3215124110911037e+29,1.6813404325739026e+21,1.9698792117074207e+26
1.3525723861675865e+29,1.747494617176647e+21,2.0161783845911095e+26
1.3843623748585128e+29,1.8162164859910087e+21,2.063565759286409e+26
1.4168995349328736e+29,1.8876041824738927e+21,2.112066912759283e+26
1.4502014274247949e+29,1.96174989387204e+21,2.161708023186512e+26
1.4842860261116162e+29,2.0387411454139784e+21,2.2125158836580026e+26
1.5191717272147444e+29,2.118712317066353e+21,2.2645179178853877e+26
1.5548773593285048e+29,2.201776940543947e+21,2.317742193589173e+26
1.5914221935823557e+29,2.2880527935827385e+21,2.3722174383001108e+26
1.6288259540419477e+29,2.3776620545733e+21,2.4279730548431806e+26
1.6671088283546457e+29,2.4707090298692263e+21,2.4850391366062423e+26
1.7062914786452528e+29,2.5673220670427177e+21,2.543446484924057e+26
1.7463950526678227e+29,2.6676592746184227e+21,2.6032266250447866e+26
1.7874411952195755e+29,2.771861873319664e+21,2.6644118231703755e+26
1.8294520598230797e+29,2.880076331486314e+21,2.7270351038264183e+26
1.8724503206830057e+29,2.99245456178056e+21,2.791130267622351e+26
1.916459184923901e+29,3.1091126763299804e+21,2.8567319094414166e+26
1.961502405115595e+29,3.2302354438105827e+21,2.923875437652257e+26
2.007604292092994e+29,3.356007533210832e+21,2.992597093240903e+26
2.0547897280771813e+29,3.4866043855282383e+21,3.0629339685369663e+26
2.103084180104912e+29,3.622207922819849e+21,3.13492402774181e+26
2.152513713773742e+29,3.7630067957393974e+21,3.208606127621438e+26
2.203105007310213e+29,3.9091275503605834e+21,3.284020036860854e+26
2.2548853659686936e+29,4.060832362872499e+21,3.3612064612054016e+26
2.3078827367686303e+29,4.218335067616183e+21,3.4402070618930666e+26
2.3621257235781853e+29,4.381853341091093e+21,3.521064479623233e+26
2.417643602552385e+29,4.551612858727554e+21,3.603822357377166e+26
2.47446633793411e+29,4.727832482923658e+21,3.6885253633882114e+26
2.5326245982264766e+29,4.910691581989949e+21,3.775219215818192e+26
2.5921497727453096e+29,5.100512476798025e+21,3.863950708448327e+26
2.653073988560661e+29,5.297555379181267e+21,3.9547677345724376e+26
2.715430127836509e+29,5.502090015808279e+21,4.0477193129323366e+26
2.779251845578e+29,5.714395964823713e+21,4.1428556143125916e+26
2.8445735877958035e+29,5.934718447301791e+21,4.240227988688857e+26
2.911430610097404e+29,6.163327539420095e+21,4.3398889923634796e+26
2.979858996715334e+29,6.400599999229494e+21,4.441892419138195e+26
3.0498956799826477e+29,6.646857900131405e+21,4.54629332567728e+26
3.121578460266127e+29,6.902435022583472e+21,4.6531480629647964e+26
3.194946026367985e+29,7.167677278768385e+21,4.76251430677594e+26
3.270037976407079e+29,7.442854451104005e+21,4.8744510865965504e+26
3.3468948391909096e+29,7.72836278220875e+21,4.989018822020488e+26
3.425558096089911e+29,8.024639130790718e+21,5.106279352084513e+26
3.506070203425891e+29,8.33208161445964e+21,5.226295969324108e+26
3.58847461538665e+29,8.651102734204048e+21,5.3491334538146315e+26
3.6728158074791835e+29,8.982129870654276e+21,5.474858107800372e+26
3.759139300534105e+29,9.325452874025462e+21,5.6035377909759743e+26
3.847491685274264e+29,9.681641793943473e+21,5.735241960261276e+26
3.937920647460798e+29,1.0051198444299795e+22,5.870041705253595e+26
4.03047499363021e+29,1.0434614280303906e+22,6.008009785408268e+26
4.125204677436345e+29,1.0832398380710108e+22,6.14922067040133e+26
4.222160826611497e+29,1.1245063175802496e+22,6.293750580884214e+26
4.321395770561194e+29,1.1672954834297658e+22,6.441677525100607e+26
4.42296306860755e+29,1.2116836136577627e+22,6.593081352102768e+26
4.526917538896429e+29,1.2577292049528518e+22,6.748043783592723e+26
4.633315287984026e+29,1.3054928392477418e+22,6.90664846286308e+26
4.742213741118834e+29,1.3550372595369175e+22,7.068980999450396e+26
4.853671673235335e+29,1.4064193077978572e+22,7.235129012903088e+26
4.967749240676151e+29,1.4596932934775117e+22,7.405182183543851e+26
5.0845080136597674e+29,1.5149477548316231e+22,7.579232301929244e+26
5.204011009511362e+29,1.5722547193855934e+22,7.757373315125583e+26
5.326322726674662e+29,1.631688771313357e+22,7.939701377812e+26
5.451509179523203e+29,1.693327133451032e+22,8.126314904300053e+26
5.579637933989767e+29,1.7572316175264893e+22,8.317314621302803e+26
5.710778144033222e+29,1.8234841246740465e+22,8.512803623112503e+26
5.8450005889624724e+29,1.8921865448491995e+22,8.712887432151498e+26
5.982377711637626e+29,1.96342744969661e+22,8.91767404715472e+26
6.122983657569045e+29,2.0372985299161525e+22,9.127274005879313e+26
6.266894314935315e+29,2.113894704390621e+22,9.341800445265666e+26
6.414187355541821e+29,2.1932814675173995e+22,9.561369154687546e+26
6.564942276741942e+29,2.2755788978541715e+22,9.786098655578949e+26
6.719240444343558e+29,2.3609030895980715e+22,1.0016110251216085e+27
6.877165136524009e+29,2.4493628103184794e+22,1.025152809640376e+27
7.038801588777176e+29,2.5410706341188663e+22,1.0492479264066533e+27
7.204237039916994e+29,2.6361430708698822e+22,1.0739093812466114e+27
7.373560779162203e+29,2.7346470663086794e+22,1.099150485265245e+27
7.546864194327723e+29,2.83675498365775e+22,1.1249848634850138e+27
7.72424082114872e+29,2.9425975514582135e+22,1.1514264608799433e+27
7.905786393763921e+29,3.0523081631196902e+22,1.178489550000368e+27
8.091598896385492e+29,3.1660248466592467e+22,1.2061887388589816e+27
8.281778616183299e+29,3.2838776477543123e+22,1.2345389788967719e+27
8.476428197412143e+29,3.4059697743547863e+22,1.2635555721260202e+27
8.675652696811163e+29,3.5325061984986633e+22,1.2932541821199622e+27
8.879559640305318e+29,3.663644832545565e+22,1.3236508394902453e+27
9.088259081039523e+29,3.7995490538737784e+22,1.3547619518297886e+27
9.301863658776819e+29,3.940387886855424e+22,1.3866043124922557e+27
9.520488660692546e+29,4.086301310626799e+22,1.419195108723462e+27
9.744252083597441e+29,4.2374514608955715e+22,1.4525519325550368e+27
9.973274697623151e+29,4.3940724910610234e+22,1.4866927899118242e+27
1.0207680111404574e+30,4.55635761490516e+22,1.5216361096838798e+27
1.0447594838794203e+30,4.724506676037682e+22,1.557400753810244e+27
1.0693148367144511e+30,4.8987264004442e+22,1.5940060274171889e+27
1.094447322719514e+30,5.079163397033109e+22,1.6314716889329042e+27
1.1201705064602743e+30,5.266061717822925e+22,1.6698179618577597e+27
1.1464982713151959e+30,5.459686132802212e+22,1.7090655459315834e+27
1.1734448269687135e+30,5.660272744883022e+22,1.7492356264819889e+27
1.2010247170805162e+30,5.86806572131591e+22,1.7903498869052298e+27
1.2292528271350871e+30,6.083317568236153e+22,1.8324305206016095e+27
1.2581443924757317e+30,6.306176153684505e+22,1.8755002402930024e+27
1.2877150065274368e+30,6.536997899839115e+22,1.919582296461631e+27
1.3179806292129873e+30,6.776078647687214e+22,1.9647004842716995e+27
1.3489575955668965e+30,7.02370656369216e+22,2.0108791584123132e+27
1.3806626245517904e+30,7.280179606165932e+22,2.0581432460621766e+27
1.4131128280820042e+30,7.545791876570506e+22,2.1065182596486478e+27
1.4463257202592682e+30,7.820726193474096e+22,2.1560303104074204e+27
1.48031922682546e+30,8.10544952830126e+22,2.2067061263759111e+27
1.5151116948375271e+30,8.400301708148568e+22,2.2585730626681008e+27
1.5507219025698078e+30,8.70563404579371e+22,2.3116591169832832e+27
1.5871690696490838e+30,9.021809722824529e+22,2.3659929450129812e+27
1.6244728674278448e+30,9.349142918132167e+22,2.4216038758313494e+27
1.662653429601357e+30,9.687939381531206e+22,2.478521926445969e+27
1.7017313630742695e+30,1.0038729068347904e+23,2.5367778239926664e+27
1.7417277590826244e+30,1.0401925890938417e+23,2.5964030149114583e+27
1.7826642045772676e+30,1.0777957677252357e+23,2.657429685219026e+27
1.8245627938748074e+30,1.1167266637488709e+23,2.7198907778406546e+27
1.867446140582418e+30,1.1570179400525666e+23,2.7838200070482345e+27
1.9113373898029034e+30,1.1987173276232978e+23,2.849251883253274e+27
1.9562602306266322e+30,1.2418843668419758e+23,2.9162217281466463e+27
2.0022389089170698e+30,1.2865694199340366e+23,2.984765693058493e+27
2.0492982403968108e+30,1.332824535755285e+23,3.0549207788458335e+27
2.0974636240411852e+30,1.380703499861496e+23,3.126724855542591e+27
2.1467610557866506e+30,1.4302390225277014e+23,3.200216681242855e+27
2.197217142561382e+30,1.4815023967489112e+23,3.275435928999784e+27
2.2488591166456292e+30,1.534559743850896e+23,3.352423205097979e+27
2.3017148503695853e+30,1.5894722803300383e+23,3.431220068176975e+27
2.3558128711567098e+30,1.6463032626302894e+23,3.5118690538961125e+27
2.4111823769206183e+30,1.7051180493144274e+23,3.5944136987700417e+27
2.4678532518238477e+30,1.7659476113255755e+23,3.678898554942858e+27
2.5258560824070115e+30,1.828895191861828e+23,3.765369235546107e+27
2.58522217409704e+30,1.8940332084193525e+23,3.853872418496249e+27
2.645983568103418e+30,1.961436002803289e+23,3.944455879972276e+27
2.708173058711547e+30,2.0311803821485476e+23,4.0371685193957496e+27
2.771824210982552e+30,2.1033363622548737e+23,4.1320603827261945e+27
2.8369713788691006e+30,2.1779586180370668e+23,4.229182692004736e+27
2.9036497237569984e+30,2.255165238777486e+23,4.328587880382622e+27
2.9718952334425755e+30,2.335043544287864e+23,4.430329610305434e+27
3.04174474155611e+30,2.4176837358708227e+23,4.534462804702704e+27
3.11323594744176e+30,2.5031789932681802e+23,4.6410436770540286e+27
3.186407436504745e+30,2.5916019156064774e+23,4.750129760464173e+27
3.261298701036755e+30,2.683042290928196e+23,4.861779939635244e+27
3.33795016153082e+30,2.7776321492489097e+23,4.976054493338413e+27
3.416403188497165e+30,2.8754773652733302e+23,5.093015109981555e+27
3.49670012479179e+30,2.9766872918726353e+23,5.212724928898651e+27
3.5788843084698653e+30,3.08137488203261e+23,5.335248574768279e+27
3.6630000961762484e+30,3.189612825385995e+23,5.460652181162122e+27
3.7490928870857585e+30,3.301539179081688e+23,5.589003450815957e+27
3.837209147406128e+30,3.417299953183599e+23,5.720371674704219e+27
3.9273964354568574e+30,3.537023422297097e+23,5.85482777146579e+27
4.019703427337501e+30,3.660842060985023e+23,5.992444326428506e+27
4.114179943199258e+30,3.788892677331987e+23,6.133295629394739e+27
4.21087697413401e+30,3.921244419543962e+23,6.277457708277114e+27
4.3098467096953665e+30,4.058100713328202e+23,6.425008395403736e+27
4.4111425660665346e+30,4.199620977077866e+23,6.57602734886238e+27
4.514819214890225e+30,4.34596051121566e+23,6.730596095224172e+27
4.620932612776162e+30,4.497279681970797e+23,6.888798077527389e+27
4.729540031502131e+30,4.653733494722525e+23,7.050718701402767e+27
4.84070008892482e+30,4.815414176957039e+23,7.216445363055977e+27
4.954472780617209e+30,4.9825808525436266e+23,7.386067547848533e+27
5.070919512249513e+30,5.155415496130167e+23,7.559676824973067e+27
5.190103132731198e+30,5.334106004379089e+23,7.737366918674523e+27
5.312087968131956e+30,5.518846383574159e+23,7.919233757314431e+27
5.436939856399911e+30,5.709797620595545e+23,8.105375513275913e+27
5.564726182895847e+30,5.907122349773205e+23,8.295892672781218e+27
5.695515916762585e+30,6.11110934822915e+23,8.49088809832509e+27
5.829379648149185e+30,6.321978675971677e+23,8.690467062366562e+27
5.966389626310024e+30,6.539957525345459e+23,8.894737310091315e+27
6.106619798599341e+30,6.765280449132295e+23,9.103809117710204e+27
6.250145850382276e+30,6.998109565199685e+23,9.317795345259733e+27
6.397045245883959e+30,7.238704306472877e+23,9.536811513790623e+27
6.547397269998695e+30,7.487383353853126e+23,9.760975877922793e+27
6.701283071081776e+30,7.74441265755277e+23,9.990409455270597e+27
6.858785704747098e+30,8.01006676833659e+23,1.022523610987048e+28
7.019990178694104e+30,8.284629111359856e+23,1.0465582621074156e+28
7.184983498588368e+30,8.568255840409132e+23,1.0711578715440967e+28
7.353854715020486e+30,8.861337412169882e+23,1.0963357221920438e+28
7.526694971568682e+30,9.164221466388064e+23,1.1221054072286827e+28
7.703597553991039e+30,9.47722925478621e+23,1.1484808392980382e+28
7.884657940573911e+30,9.800692382134618e+23,1.1754762580705646e+28
8.069973853663687e+30,1.0134951433723637e+24,1.2031062373976323e+28
8.259645312409741e+30,1.0480151772309656e+24,1.2313856909708089e+28
8.453774686746996e+30,1.0836853766561051e+24,1.2603298893902972e+28
8.652466752647285e+30,1.120543318332689e+24,1.2899544596417817e+28
8.855828748669277e+30,1.158627787149262e+24,1.3202753955086516e+28
9.063970433837532e+30,1.1979788149525713e+24,1.3513090666760525e+28
9.277004146881915e+30,1.2386319461159143e+24,1.383072227372141e+28
9.495044866869309e+30,1.2806155736467085e+24,1.4155820226984323e+28
9.718210275260404e+30,1.3239920529698935e+24,1.4488560087159411e+28
9.946620819425019e+30,1.3688067327655953e+24,1.4829121493948343e+28
1.0180399777650233e+31,1.4151064175561317e+24,1.5177688315506025e+28
1.0419673325676446e+31,1.4629394134222132e+24,1.5534448745793625e+28
1.0664570604797268e+31,1.5123418410416312e+24,1.589959536482564e+28
1.0915223791559928e+31,1.5633611712595915e+24,1.627332531717467e+28
1.1171768169103962e+31,1.616066181744304e+24,1.6655840402615052e+28
1.1434342200176528e+31,1.6705115805090482e+24,1.704734714674587e+28
1.170308760186385e+31,1.7267538249698201e+24,1.7448056926490025e+28
1.197814942207912e+31,1.7848511793363144e+24,1.78581860821099e+28
1.225967611784809e+31,1.844839020381139e+24,1.8277956006706856e+28
1.2547819635434674e+31,1.9067906294959944e+24,1.870759334860249e+28
1.284273549234972e+31,1.9707811092470363e+24,1.9147330105274949e+28
1.3144582861287326e+31,2.0368764273463043e+24,1.9597403692348478e+28
1.3453524656033893e+31,2.1051446591755688e+24,2.005805710934546e+28
1.3769727619396344e+31,2.1756560560973675e+24,2.0529539078981307e+28
1.409336241319695e+31,2.2484433769067198e+24,2.1012104068809166e+28
1.4424603710383342e+31,2.323614370254052e+24,2.15060127061985e+28
1.4763630289303426e+31,2.4012500594553444e+24,2.201153166116116e+28
1.5110625130196042e+31,2.481429963741185e+24,2.252893387845618e+28
1.5465775513949503e+31,2.564236137132254e+24,2.305849872052718e+28
1.5829273123181288e+31,2.649746530243976e+24,2.360051208839703e+28
1.6201314145693453e+31,2.7380088760742756e+24,2.4155266565225603e+28
1.658209938035957e+31,2.82915627197934e+24,2.4723061752179928e+28
1.6971834345500372e+31,2.923281582665651e+24,2.5304204230393336e+28
1.737072938980662e+31,3.0204806271975064e+24,2.589900777637109e+28
1.7778999805868964e+31,3.120852273227004e+24,2.6507793539062924e+28
1.819686594637623e+31,3.224476581846537e+24,2.713089019393842e+28
1.862455334304464e+31,3.3314383289655967e+24,2.7768634111633482e+28
1.9062292828342374e+31,3.44188446025555e+24,2.8421369735455737e+28
1.9510320660075023e+31,3.5559268433184123e+24,2.908944949521457e+28
1.99688786488992e+31,3.6736809021137115e+24,2.97732341173359e+28
2.0438214288833166e+31,3.795265728701087e+24,3.0473092819883244e+28
2.091858089083492e+31,3.920761073292762e+24,3.1189403377693774e+28
2.1410237719519767e+31,4.0503019089987555e+24,3.192255260479769e+28
2.191345013309128e+31,4.1840490275296105e+24,3.267293641169154e+28
2.2428489726561006e+31,4.3221371525308775e+24,3.3440959981024885e+28
2.295563447833444e+31,4.464705279339552e+24,3.422703801476022e+28
2.3495168900242166e+31,4.611896811927139e+24,3.503159494664894e+28
2.404738419109725e+31,4.7637877638897895e+24,3.5855065075001078e+28
2.4612578393861796e+31,4.920580154104703e+24,3.66978931207688e+28
2.5191056556507394e+31,5.082448099935893e+24,3.756053423946639e+28
2.5783130896656325e+31,5.24955379754774e+24,3.8443454219898555e+28
2.6389120970092446e+31,5.422064580846805e+24,3.9347129804308043e+28
2.7009353843232565e+31,5.600150015968478e+24,4.027204896654281e+28
2.764416426965154e+31,5.783886808930636e+24,4.121871087657837e+28
2.8293894870756267e+31,5.973556352382903e+24,4.218762696013904e+28
2.895889632070613e+31,6.169347878171308e+24,4.31793203859648e+28
2.9639527535679687e+31,6.371456609471253e+24,4.4194326653342625e+28
3.033615586758983e+31,6.580083945877746e+24,4.523319385839414e+28
3.1049157302351745e+31,6.79540585537244e+24,4.62964828695174e+28
3.1778916662811023e+31,7.017570190869392e+24,4.738476773757945e+28
3.252582781644112e+31,7.246888142196107e+24,4.849863628758593e+28
3.329029388792244e+31,7.483587428384279e+24,4.963869001971894e+28
3.407272747671783e+31,7.727902958968357e+24,5.0805544550842475e+28
3.487355087976168e+31,7.980077055484576e+24,5.199982995551625e+28
3.5693196319383037e+31,8.240287798142807e+24,5.322219101776513e+28
3.653210617658576e+31,8.50877963380272e+24,5.447328772808342e+28
3.739073322981133e+31,8.785894062648857e+24,5.575379589647384e+28
3.8269540899313656e+31,9.071905022325626e+24,5.706440697816289e+28
3.9169003497277243e+31,9.367095105840098e+24,5.840582870666814e+28
4.0089606483814175e+31,9.671755821430674e+24,5.977878548926266e+28
4.103184672897782e+31,9.986061064953125e+24,6.11840183852789e+28
4.199623278093466e+31,1.0310384647186312e+25,6.2622286446054245e+28
4.2983285140439195e+31,1.064509784392953e+25,6.409436643078233e+28
4.399353654175983e+31,1.0990530146746086e+25,6.560105330684826e+28
4.50275322402075e+31,1.134702142563594e+25,6.71431607240014e+28
4.6085830306422155e+31,1.1714922241467205e+25,6.872152141001843e+28
4.716900192757601e+31,1.2094393554853967e+25,7.033698730862382e+28
4.827763171565605e+31,1.2485980302753075e+25,7.1990431148898055e+28
4.941231802299223e+31,1.289008173169467e+25,7.368274592346184e+28
5.057367326520159e+31,1.3307094028680848e+25,7.541484551816956e+28
5.176232425172273e+31,1.3737425842771136e+25,7.718766530341088e+28
5.2978912524118835e+31,1.4181460370115016e+25,7.900216263214898e+28
5.42240947023321e+31,1.463944845592969e+25,8.08593168707539e+28
5.549854283907622e+31,1.5112044468356777e+25,8.276013153915608e+28
5.680294478255823e+31,1.5599710174853343e+25,8.470563310711168e+28
5.8138004547725625e+31,1.610292185891532e+25,8.669687224392644e+28
5.950444269623903e+31,1.662217078143551e+25,8.873492435081295e+28
6.090299672537542e+31,1.7157849953451398e+25,9.082088972206921e+28
6.233442146607189e+31,1.7710394823784542e+25,9.295589477894837e+28
6.379948949032497e+31,1.8280525608812806e+25,9.514109289726953e+28
6.5298991528164875e+31,1.8868797347366227e+25,9.737766426290733e+28
6.683373689443027e+31,1.9475782480766277e+25,9.966681676196523e+28
6.840455392557363e+31,2.010207140396226e+25,1.0200978662832812e+29
7.001229042673294e+31,2.0748055698238146e+25,1.04407838785951e+29
7.165781412931124e+31,2.1414418653868447e+25,1.0686226836093954e+29
7.334201315931054e+31,2.2101946567187857e+25,1.0937440136874482e+29
7.506579651667336e+31,2.2811306379445856e+25,1.1194559450110145e+29
7.683009456589047e+31,2.3543185943766426e+25,1.1457723638679046e+29
7.8635859538139265e+31,2.429829470010851e+25,1.1727074840564322e+29
8.048406604522446e+31,2.5077006523194917e+25,1.2002758423779954e+29
8.237571160559776e+31,2.5880333742943697e+25,1.2284923360993166e+29
8.431181718274091e+31,2.670912626359346e+25,1.2573722053750393e+29
8.629342773620276e+31,2.7564185369718613e+25,1.2869310483794755e+29
8.832161278558702e+31,2.844633742829619e+25,1.3171848300316966e+29
9.039746698779624e+31,2.9356409107436445e+25,1.3481498885229018e+29
9.25221107278425e+31,3.02948107955431e+25,1.379842937858257e+29
9.469669072354429e+31,3.126291045254074e+25,1.4122811055822907e+29
9.692238064443594e+31,3.226164135926259e+25,1.4454819128831221e+29
9.920038174522321e+31,3.329196593951413e+25,1.4794632915247145e+29
1.0153192351412742e+32,3.435487668918096e+25,1.5142435946256059e+29
1.0391826433646778e+32,3.5451231277534627e+25,1.5498416048012527e+29
1.0636069217384022e+32,3.6581790333235515e+25,1.5862765394108243e+29
1.0886052525925887e+32,3.774806422627901e+25,1.6235680906061105e+29
1.1141911280863632e+32,3.895117366130974e+25,1.6617363992927816e+29
1.1403783574898522e+32,4.019227437779901e+25,1.7008020813068823e+29
1.1671810746373596e+32,4.147255824460645e+25,1.740786238218972e+29
1.194613745555711e+32,4.279289333375296e+25,1.781710455310237e+29
1.2226911762718924e+32,4.415451316237982e+25,1.8235968388637584e+29
1.2514285208041959e+32,4.555907266463835e+25,1.8664680203767854e+29
1.280841289341183e+32,4.70079174724031e+25,1.9103471574933554e+29
1.3109453566128785e+32,4.850243516123544e+25,1.9552579515199034e+29
1.3417569704587208e+32,5.00440565250797e+25,2.0012246594727508e+29
1.3732927605968826e+32,5.163363061146302e+25,2.0482720964693243e+29
1.405569747599703e+32,5.327302046101618e+25,2.096425681436491e+29
1.4386053520800726e+32,5.496402359243384e+25,2.1457114333836203e+29
1.4724174040937265e+32,5.670825519384825e+25,2.196155973623311e+29
1.5070241527625275e+32,5.850738075573159e+25,2.2477865500022508e+29
1.5424442761239229e+32,6.036311776379632e+25,2.3006310539532885e+29
1.5786968912119017e+32,6.227625395911735e+25,2.354718000750461e+29
1.6158015643748863e+32,6.424948274145187e+25,2.4100766337275253e+29
1.6537783218361266e+32,6.628473507916521e+25,2.466736855315932e+29
1.692647660502305e+32,6.838394939216903e+25,2.524729273131975e+29
1.732430559026172e+32,7.054912441867729e+25,2.5840852149590244e+29
1.7731484891291988e+32,7.278211202362489e+25,2.6448367356277956e+29
1.8148234271903445e+32,7.508420808840048e+25,2.707016634492104e+29
1.857477866107198e+32,7.745856403012872e+25,2.7706585228170487e+29
1.901134827435903e+32,7.990743556360113e+25,2.835796782468973e+29
1.945817873816405e+32,8.24331483754922e+25,2.902466600928028e+29
1.9915511216897357e+32,8.503810037274587e+25,2.970703991891445e+29
2.0383592543141977e+32,8.77241904200131e+25,3.0405458062304983e+29
2.0862675350874703e+32,9.049361141465389e+25,3.1120297585728093e+29
2.1353018211818336e+32,9.334982861866509e+25,3.185194493295604e+29
2.185488577499859e+32,9.629554774213198e+25,3.2600795330701326e+29
2.2368548909581172e+32,9.933355851485715e+25,3.336725332616755e+29
2.289428485106586e+32,1.0246673736748751e+26,3.415173301043954e+29
2.3432377350916765e+32,1.0569697496643666e+26,3.4954657836285896e+29
2.3983116829709323e+32,1.0902766546683229e+26,3.577646172745051e+29
2.454680053387682e+32,1.1246258738960205e+26,3.661758878002964e+29
2.5123732696140906e+32,1.1600498583626247e+26,3.747849343083836e+29
2.5714224699712832e+32,1.196582063553031e+26,3.8359640790042804e+29
2.6318595246353956e+32,1.2342569805593267e+26,3.92615068585244e+29
2.6937170528386203e+32,1.2730926610348899e+26,4.0184578455439734e+29
2.7570284404745373e+32,1.313138931995267e+26,4.112935457203317e+29
2.82182785811723e+32,1.35443659356123e+26,4.209634577454114e+29
2.888150279463906e+32,1.3970245523201363e+26,4.308607447766064e+29
2.95603150021099e+32,1.4409429192445915e+26,4.4099075385735855e+29
3.025508157373858e+32,1.4862313229800661e+26,4.5135895807782296e+29
3.0966177490606582e+32,1.5329110408129697e+26,4.619709522986175e+29
3.1693986547108802e+32,1.5810475605177804e+26,4.728324769296037e+29
3.2438901558095953e+32,1.6306861190558493e+26,4.8394939975996436e+29
3.3201324570885555e+32,1.6818733550005516e+26,4.953277273062704e+29
3.398166708225592e+32,1.73465734963706e+26,5.0697360755975595e+29
3.478035026054008e+32,1.7890791410048378e+26,5.1889332961750166e+29
3.559780517293988e+32,1.84517696974242e+26,5.310933311542605e+29
3.643447301818252e+32,1.9030230343982456e+26,5.435802085294453e+29
3.729080536464546e+32,1.962671554015277e+26,5.563607091169622e+29
3.816726439407793e+32,2.0241784189685297e+26,5.69441738404613e+29
3.9064323151050785e+32,2.087601242501954e+26,5.828303638513023e+29
3.99824657982693e+32,2.1529814826034874e+26,5.965338155768867e+29
4.0922187877886585e+32,2.2203801784749903e+26,6.1055949667222234e+29
4.188399657895877e+32,2.2898763382629946e+26,6.249149912986199e+29
4.2868411011186355e+32,2.361534917835692e+26,6.396080557636486e+29
4.3875962485089294e+32,2.435422877056755e+26,6.546466292762952e+29
4.490719479876721e+32,2.511609243646632e+26,6.700388386673572e+29
4.5962664531399424e+32,2.5901344175004494e+26,6.857929909846574e+29
4.7042941343643154e+32,2.6710897628406835e+26,7.019176057768781e+29
4.814860828509215e+32,2.754560924719726e+26,7.184213979585944e+29
4.92802621089617e+32,2.840625711623352e+26,7.353132860854336e+29
5.043851359416955e+32,2.929364326511388e+26,7.526023983344096e+29
5.162398787498715e+32,3.0208594327596664e+26,7.702980762395348e+29
5.283732477843847e+32,3.115148344182682e+26,7.884098700452257e+29
5.4079179169629045e+32,3.212362289854425e+26,8.069475778950787e+29
5.535022130519134e+32,3.31259309103476e+26,8.25921218985952e+29
5.665113719503731e+32,3.415933915718083e+26,8.453410462102334e+29
5.7982628972613175e+32,3.522480794038479e+26,8.652175534804954e+29
5.9345415273856754e+32,3.632321544466822e+26,8.85561480365042e+29
6.0740231625061214e+32,3.745521047395703e+26,9.063838079687494e+29
6.216783083985524e+32,3.862229075853798e+26,9.276958040019799e+29
6.3628983425513255e+32,3.982553836972536e+26,9.495089846384218e+29
6.512447799881553e+32,4.1066068656508775e+26,9.718351384245776e+29
6.665512171168241e+32,4.2345031238750214e+26,9.946863319722191e+29
6.822174068681218e+32,4.3663322834932394e+26,1.0180749044319853e+30
6.982518046355793e+32,4.5022023691061196e+26,1.042013494258272e+30
7.146630645428428e+32,4.642277688039475e+26,1.0665150480587739e+30
7.31460044114496e+32,4.786687758250496e+26,1.0915928088460593e+30
7.486518090566667e+32,4.9355660587951254e+26,1.1172603300595512e+30
7.662476381499895e+32,5.089050148722987e+26,1.1435314825650871e+30
7.842570282575727e+32,5.247228871739194e+26,1.1704204519084743e+30
8.026896994506678e+32,5.4102677956674016e+26,1.197941773515474e+30
8.215556002548099e+32,5.578345671937906e+26,1.2261103327146092e+30
8.408649130192588e+32,5.751617446708494e+26,1.254941352957336e+30
8.606280594126428e+32,5.9302428083790456e+26,1.284450416568855e+30
8.808557060477646e+32,6.11438634180361e+26,1.3146534749616557e+30
9.015587702386124e+32,6.3041321223794e+26,1.3455668239821178e+30
9.227484258926791e+32,6.499721794758501e+26,1.3772071958368764e+30
9.444361095417692e+32,6.701347729538553e+26,1.4095916935250754e+30
9.66633526514553e+32,6.909195264032663e+26,1.4427378221593364e+30
9.893526572541924e+32,7.123455392804261e+26,1.4766634987402918e+30
1.012605763784456e+33,7.344314265772812e+26,1.5113870549144434e+30
1.0364053963278092e+33,7.571877834964305e+26,1.546927234975706e+30
1.0607644000790456e+33,7.806455272043621e+26,1.583303275489259e+30
1.0856959221381329e+33,8.048261633834493e+26,1.620534841803684e+30
1.1112134186059923e+33,8.297518509281533e+26,1.658642058686171e+30
1.1373306618470594e+33,8.55445423217182e+26,1.6976455234610373e+30
1.1640617479225379e+33,8.819260646602572e+26,1.7375663104107765e+30
1.1914211041983594e+33,9.092124690180547e+26,1.778425977498539e+30
1.2194234971319551e+33,9.373386379667128e+26,1.820246643956142e+30
1.2480840402420456e+33,9.663302738129339e+26,1.8630509143279145e+30
1.2774182022657432e+33,9.962138623709863e+26,1.906861927898562e+30
1.3074418155073782e+33,1.0270166964114443e+27,1.9517033708320372e+30
1.3381710843835456e+33,1.058758010271116e+27,1.99759945225819e+30
1.3696225941689937e+33,1.0914673833681211e+27,2.0445749913564582e+30
1.4018133199480677e+33,1.125181890773958e+27,2.0926554002839683e+30
1.4347606357765434e+33,1.1599322476257752e+27,2.1418666742548665e+30
1.4684823240587927e+33,1.1957500998447444e+27,2.1922354182153067e+30
1.5029965851453488e+33,1.2326680505168267e+27,2.2437888589373753e+30
1.5383220471560377e+33,1.270704664868195e+27,2.2965548283881532e+30
1.5744777760339993e+33,1.309903938583458e+27,2.3505618751004406e+30
1.6114832858359962e+33,1.3503059139552584e+27,2.4058392163043764e+30
1.649358549264592e+33,1.3919472748677792e+27,2.4624167353532992e+30
1.6881240084478666e+33,1.434865816766132e+27,2.5203250196162128e+30
1.727800585972486e+33,1.4791004846319478e+27,2.5795953831094833e+30
1.7684096961760962e+33,1.524668131631434e+27,2.6402597917284185e+30
1.80997325670512e+33,1.5716317054634772e+27,2.7023511198349966e+30
1.8525137003441963e+33,1.62003391296095e+27,2.765902933714991e+30
1.896053987123665e+33,1.669918556959059e+27,2.8309495964967583e+30
1.9406176167116032e+33,1.7213307651904014e+27,2.8975262811203795e+30
1.9862286410971252e+33,1.7743111388308164e+27,2.9656689602949065e+30
2.0329116775717784e+33,1.8288910901439358e+27,3.0354144383901195e+30
2.0806919220160495e+33,1.885140571870725e+27,3.1068004816595517e+30
2.1295951624981416e+33,1.9431103358960468e+27,3.1798656955000066e+30
2.179647793192376e+33,2.0028526598147218e+27,3.2546495872537004e+30
2.2308768286247182e+33,2.0644213940354207e+27,3.3311925904582996e+30
2.2833099182531217e+33,2.127857671916332e+27,3.409536059894977e+30
2.3369753613905602e+33,2.1932133105655494e+27,3.489722330926799e+30
2.3919021224788003e+33,2.2605647646414043e+27,3.5717948292985593e+30
2.4481198467211618e+33,2.3299725765713124e+27,3.655797930804135e+30
2.505658876082696e+33,2.401499114157883e+27,3.741777060950957e+30
2.5645502656664225e+33,2.4752086274564346e+27,3.829778721642467e+30
2.6248258004744684e+33,2.551141367520856e+27,3.9198504094202134e+30
2.686518012563142e+33,2.6293763727449466e+27,4.0120408819056264e+30
2.749660198601213e+33,2.709996385507291e+27,4.1064000230542764e+30
2.814286437840871e+33,2.793073616999489e+27,4.202978867246965e+30
2.880431610511061e+33,2.878682443348758e+27,4.30182964715117e+30
2.948131416643127e+33,2.966899461911166e+27,4.4030058129278697e+30
3.0174223953389144e+33,3.0577621377988747e+27,4.506561969320891e+30
3.0883419444917425e+33,3.15138531679961e+27,4.61255421046089e+30
3.1609283409708886e+33,3.247857560648013e+27,4.721039888180335e+30
3.2352207612804666e+33,3.3472649407198904e+27,4.832077672035418e+30
3.311259302703869e+33,3.449696104185343e+27,4.945727612288314e+30
3.3890850049451655e+33,3.5552361885658645e+27,5.0620511714742094e+30
3.468739872279152e+33,3.66393568272562e+27,5.181111108189128e+30
3.550266896221999e+33,3.775937708268775e+27,5.30297198373661e+30
3.6337100787347316e+33,3.8913418378790016e+27,5.427699697667374e+30
3.719114455972082e+33,4.010250632198498e+27,5.555361716154211e+30
3.8065261225895045e+33,4.1327697187967614e+27,5.686027098707524e+30
3.895992256621492e+33,4.2589859654249145e+27,5.819766435590626e+30
3.987561144944623e+33,4.388987941087865e+27,5.956652017365388e+30
4.0812822093390715e+33,4.5229322080894933e+27,6.096757996894663e+30
4.177206033162642e+33,4.660937385212477e+27,6.240160173036895e+30
4.2753843886517453e+33,4.803125612157047e+27,6.386936116273901e+30
4.375870264864037e+33,4.949622653424071e+27,6.537165211570131e+30
4.478717896277791e+33,5.100514565609219e+27,6.690928610588773e+30
4.5839827920634706e+33,5.255940775745441e+27,6.848309483523276e+30
4.691721766043263e+33,5.416071098293687e+27,7.009393094441319e+30
4.8019929673547815e+33,5.581046716722932e+27,7.174266573494525e+30
4.914855911835447e+33,5.751013015524492e+27,7.343019111035658e+30
5.0303715141445264e+33,5.926119716375407e+27,7.515742017971154e+30
5.148602120640137e+33,6.106448282341439e+27,7.692528474139505e+30
5.269611543028972e+33,6.292205504575772e+27,7.873474308857068e+30
5.393465092806903e+33,6.483573469061644e+27,8.058677451114202e+30
5.520229616509068e+33,6.680720181895214e+27,8.248238109093225e+30
5.649973531788434e+33,6.883818621028677e+27,8.442258847549443e+30
5.782766864342343e+33,7.09304549297752e+27,8.64084460918055e+30
5.918681285706941e+33,7.308476778902084e+27,8.844102532318072e+30
6.057790151939927e+33,7.530403213697245e+27,9.052142877625952e+30
6.200168543212444e+33,7.75901887463366e+27,9.265078233674492e+30
6.345893304331542e+33,7.994523531508925e+27,9.483023805789292e+30
6.495043086215026e+33,8.237122845608396e+27,9.70609750608227e+30
6.647698388341142e+33,8.486998341650836e+27,9.934419972661497e+30
6.803941602195919e+33,8.744296108183069e+27,1.0168114470563915e+31
6.963857055741729e+33,9.009334603078464e+27,1.0407307800170167e+31
7.127531058930957e+33,9.282344450533074e+27,1.0652129364914357e+31
7.295051950289419e+33,9.563563095528767e+27,1.090271164554167e+31
7.466510144594654e+33,9.853234989016432e+27,1.115919026047447e+31
7.64199818167479e+33,1.0151541410614885e+28,1.1421703727381326e+31
7.821610776354375e+33,1.045872300078947e+28,1.1690394100106186e+31
8.00544486957408e+33,1.0775125353635657e+28,1.1965406990715658e+31
8.193599680711897e+33,1.110102250100463e+28,1.2246891250689455e+31
8.386176761134069e+33,1.1436696489555684e+28,1.253499921358893e+31
8.583280049004625e+33,1.1782437590900237e+28,1.2829886765654103e+31
8.785015925383146e+33,1.2138420074409826e+28,1.3131713148009423e+31
8.991493271640998e+33,1.2505009751544207e+28,1.3440641832134475e+31
9.202823528227048e+33,1.2882577984172844e+28,1.375684024334327e+31
9.419120754814575e+33,1.3271450056566752e+28,1.4080479490007256e+31
9.64050169186183e+33,1.3671960774425204e+28,1.441173472266194e+31
9.867085823619467e+33,1.4084454794523113e+28,1.4750785273782872e+31
1.0098995442618883e+34,1.4509089465843167e+28,1.5097813929334731e+31
1.033635571567623e+34,1.494639521485331e+28,1.5453009140874721e+31
1.057929475144775e+34,1.53967657239553e+28,1.5816563167119226e+31
1.0827943669572876e+34,1.5860587001323743e+28,1.6188672806403919e+31
1.108243667144247e+34,1.6338256297876938e+28,1.6569539495334373e+31
1.134291111263027e+34,1.6830148368115347e+28,1.6959369217573493e+31
1.1609507577026827e+34,1.7336492840662164e+28,1.7358372447114628e+31
1.1882369952715732e+34,1.7857931862469923e+28,1.7766765769179878e+31
1.2161645509633267e+34,1.8394910280396013e+28,1.8184770308721905e+31
1.244748497905327e+34,1.894788576329823e+28,1.86126123302863e+31
1.274004263494019e+34,1.9517329217924074e+28,1.9050523402283993e+31
1.303947637721421e+34,2.010361791023034e+28,1.949874031098361e+31
1.334594781697335e+34,2.0707154577208427e+28,1.9957505271571593e+31
1.3659622363718607e+34,2.1328636874546006e+28,2.0427067353503826e+31
1.3980669314629175e+34,2.1968591831627077e+28,2.0907680708590423e+31
1.430926194593591e+34,2.2627561782356164e+28,2.139960553190468e+31
1.4645577606442403e+34,2.3306104806969057e+28,2.1903108203468935e+31
1.4989797813244107e+34,2.400458712046217e+28,2.2418460516193225e+31
1.5342108349697164e+34,2.472364272494541e+28,2.2945941760300437e+31
1.5702699365689854e+34,2.5464021416686656e+28,2.348583789586807e+31
1.6071765480270758e+34,2.622634749540499e+28,2.403844128789415e+31
1.6449505886688988e+34,2.7011263186873037e+28,2.4604051150585976e+31
1.683612445990328e+34,2.7819429054667196e+28,2.5182973649436953e+31
1.7231829866617852e+34,2.865118273217831e+28,2.5775521234805773e+31
1.763683567790451e+34,2.9507461672231436e+28,2.6382015400210332e+31
1.8051360484471746e+34,3.0389062439256727e+28,2.7002784923027152e+31
1.8475628014643014e+34,3.1296723714137486e+28,2.763816589763947e+31
1.8909867255107941e+34,3.223120536445964e+28,2.828850234587071e+31
1.9354312574511579e+34,3.319327268765104e+28,2.895414648919185e+31
1.9809203849948374e+34,3.4183259081406353e+28,2.9635457009901134e+31
2.027478659642926e+34,3.5202448473023178e+28,3.0332804584687517e+31
2.0751312099391555e+34,3.6251690053383193e+28,3.1046566732460145e+31
2.123903755032338e+34,3.7331857482857872e+28,3.177713001814054e+31
2.173822618557567e+34,3.8443849399249845e+28,3.2524890144306836e+31
2.2249147428436687e+34,3.9588439672415364e+28,3.3290251406432926e+31
2.277207703454585e+34,4.076627672268726e+28,3.4073627484235567e+31
2.33072972407252e+34,4.197875418744401e+28,3.4875443869053245e+31
2.3855096917308933e+34,4.3226876034791076e+28,3.5696134936719343e+31
2.4415771724053237e+34,4.451167457021287e+28,3.653614516516974e+31
2.4989624269710416e+34,4.583421128704085e+28,3.739592941886508e+31
2.5576964275353675e+34,4.719524504513588e+28,3.827595243522016e+31
2.6178108741540463e+34,4.859584415542432e+28,3.9176690427134346e+31
2.679338211940482e+34,5.003750788148231e+28,4.009863267758024e+31
2.7423116485770926e+34,5.152142142149851e+28,4.1042278450079e+31
2.8067651722382346e+34,5.304880365092002e+28,4.200813887147969e+31
2.8727335699343873e+34,5.462090815781007e+28,4.2996737273243325e+31
2.940252446287481e+34,5.623844365002875e+28,4.400860689457319e+31
3.009358242747504e+34,5.790303407627269e+28,4.50442971941287e+31
3.080088257260779e+34,5.961627191859034e+28,4.610436978741458e+31
3.15248066440049e+34,6.137955598820756e+28,4.718939903183592e+31
3.2265745359703584e+34,6.319432439032149e+28,4.829997276902185e+31
3.302409862092578e+34,6.506205523997103e+28,4.943669243138694e+31
3.380027572791366e+34,6.6983363060500905e+28,5.060017100493654e+31
3.4594695600838233e+34,6.8960594177206784e+28,5.1791041203318345e+31
3.540778700589995e+34,7.09954169354482e+28,5.300994866762161e+31
3.623998878674334e+34,7.308948013942201e+28,5.425755369893488e+31
3.7091750101310875e+34,7.524447870736505e+28,5.553453213709703e+31
3.7963530664263475e+34,7.746198013313829e+28,5.684157551523158e+31
3.8855800995098847e+34,7.974296831829797e+28,5.817938874808876e+31
3.9769042672101415e+34,8.209019872312223e+28,5.954870031039574e+31
4.0703748592260886e+34,8.450556055674627e+28,6.09502518910988e+31
4.166042323729975e+34,8.699099617474321e+28,6.238480295493366e+31
4.263958294595349e+34,8.95485022326418e+28,6.385313098631328e+31
4.364175619265003e+34,9.2179624221994e+28,6.535602945060745e+31
4.46674838727393e+34,9.488610315263408e+28,6.689431189781619e+31
4.571731959442655e+34,9.767089914718586e+28,6.846881429903305e+31
4.67918299775671e+34,1.0053623674369218e+29,7.008039010468145e+31
4.789159495948376e+34,1.0348440170614967e+29,7.172991263841041e+31
4.901720810797203e+34,1.06517742603207e+29,7.341827554983839e+31
5.016927694166188e+34,1.0963772291907206e+29,7.514639087575032e+31
5.13484232579092e+34,1.1284708080463938e+29,7.691519549818024e+31
5.255528346839375e+34,1.1614896324565967e+29,7.872565062973634e+31
5.379050894260481e+34,1.1954598524685216e+29,8.057873724271788e+31
5.505476635939987e+34,1.230408341021625e+29,8.247545958583302e+31
5.634873806682611e+34,1.2663627188834584e+29,8.441684601638452e+31
5.767312245039905e+34,1.3033359220420884e+29,8.640394253059022e+31
5.90286343100367e+34,1.3413683965572613e+29,8.843783089961655e+31
6.041600524585319e+34,1.3804930964246698e+29,9.051961412980545e+31
6.1835984053019685e+34,1.4207407499525112e+29,9.265042077446776e+31
6.328933712590595e+34,1.4621429261980406e+29,9.483140595905412e+31
6.4776848871720525e+34,1.5047308689290281e+29,9.706375093443483e+31
6.629932213387291e+34,1.548518274759748e+29,9.934865933509557e+31
6.785757862528611e+34,1.5935588797536644e+29,1.0168737610222925e+32
6.945245937189345e+34,1.639887796504019e+29,1.0408116949964696e+32
7.108482516655926e+34,1.687541081303711e+29,1.065313370415736e+32
7.275555703366789e+34,1.73655576737474e+29,1.0903920668061226e+32
7.446555670463245e+34,1.7869628689976046e+29,1.1160613602071286e+32
7.6215747104579345e+34,1.838789411025599e+29,1.142335112520597e+32
7.800707285047167e+34,1.8920931150836852e+29,1.1692276410966012e+32
7.984050076094024e+34,1.946915131555308e+29,1.1967535204101556e+32
8.171702037809711e+34,2.0032977342150948e+29,1.2249276740475302e+32
8.363764450161366e+34,2.061284346770908e+29,1.2537653812987377e+32
8.560340973535145e+34,2.1209045526982002e+29,1.2832822122691508e+32
8.761537704684018e+34,2.1822031233251125e+29,1.3134941772509278e+32
8.9674632339906e+34,2.2452413042150187e+29,1.3444177012829286e+32
9.178228704075787e+34,2.310067314745054e+29,1.3760695558054483e+32
9.393947869784932e+34,2.376730660679992e+29,1.4084669035826273e+32
9.61473715958388e+34,2.4452821602991305e+29,1.44162730486511e+32
9.840715738398014e+34,2.5157485034522133e+29,1.4755686549386048e+32
1.0072005571928244e+35,2.588197541306278e+29,1.5103093995264461e+32
1.0308731492478623e+35,2.6626934610383853e+29,1.5458684215566351e+32
1.0551021266331125e+35,2.7392926568431453e+29,1.582264999339839e+32
1.0799005662703999e+35,2.818053028578747e+29,1.6195188675864594e+32
1.1052818524330812e+35,2.8990340418859946e+29,1.6576502376903755e+32
1.1312596839698397e+35,2.9822573761204653e+29,1.696679622747611e+32
1.1578480816982595e+35,3.067820799346169e+29,1.73662833821804e+32
1.1850613959721745e+35,3.155790364549779e+29,1.7775180458508673e+32
1.2129143144268768e+35,3.2462319854649805e+29,1.819370924395805e+32
1.2414218699063626e+35,3.339213321337693e+29,1.862209676732117e+32
1.2705994485768921e+35,3.4347953856472016e+29,1.906057491803979e+32
1.3004627982312534e+35,3.533017534969534e+29,1.9509380437731433e+32
1.3310280367881927e+35,3.633990448600881e+29,1.9968758039257385e+32
1.362311660991622e+35,3.737789097982475e+29,2.0438956980797686e+32
1.394330555314276e+35,3.844490395394623e+29,2.0920232275836095e+32
1.4271020010706443e+35,3.954173256383946e+29,2.14128448962402e+32
1.4606436857440826e+35,4.06689640657569e+29,2.1917061319647846e+32
1.4949737125331433e+35,4.182729921006884e+29,2.2433154323861162e+32
1.5301106101222765e+35,4.301791178781256e+29,2.296140529600776e+32
1.5660733426821781e+35,4.424167527958657e+29,2.3502100682158215e+32
1.6028813201051757e+35,4.549948610180241e+29,2.4055533779897267e+32
1.6405544084811842e+35,4.679226419082484e+29,2.462200491433751e+32
1.6791129408198762e+35,4.812054480202862e+29,2.5201819546755894e+32
1.7185777280248674e+35,4.948543205601543e+29,2.5795292990485407e+32
1.7589700701258232e+35,5.0888152772397266e+29,2.640274794788116e+32
1.8003117677745647e+35,5.2329724197524864e+29,2.7024514050580652e+32
1.842625134011366e+35,5.381118961738943e+29,2.7660928643139177e+32
1.8859330063078066e+35,5.533361871896061e+29,2.831233683812521e+32
1.9302587588926597e+35,5.68974603880036e+29,2.8979089669336763e+32
1.9756263153674928e+35,5.850433634203461e+29,2.9661550605056974e+32
2.0220601616187698e+35,6.012428641167674e+29,3.0360090351138932e+32
2.0695853590334294e+35,6.129996382489892e+29,3.1074878921857175e+32
2.118227558025082e+35,6.214125462180486e+29,3.180635141011094e+32
2.168013011878109e+35,6.2973808596000445e+29,3.2555068679036e+32
2.2189685909171483e+35,6.379606449341559e+29,3.332143854630223e+32
2.2711217970096137e+35,6.460635987941643e+29,3.410587853391602e+32
2.3245007784090646e+35,6.540292569383233e+29,3.490881610197629e+32
2.3791343449474526e+35,6.618388053214891e+29,3.573068888819438e+32
2.4350519835844294e+35,6.694722463949484e+29,3.657194495332584e+32
2.4922838743221226e+35,6.769083360340444e+29,3.74330430326669e+32
2.5508609064939598e+35,6.84124517306646e+29,3.831445279377196e+32
2.610814695436329e+35,6.910968509284599e+29,3.921665510055302e+32
2.672177599552087e+35,6.977999422437798e+29,4.0140142283926736e+32
2.7349827377751154e+35,7.042068645625011e+29,4.108541841917908e+32
2.7992640074453477e+35,7.102890786760835e+29,4.20529996102222e+32
2.865056102603926e+35,7.160163483666276e+29,4.304341428092376e+32
2.9323945327183512e+35,7.21356651714288e+29,4.4057203473692925e+32
3.0013156418477357e+35,7.262760879988861e+29,4.509492115551367e+32
3.071856628258511e+35,7.33054619901784e+29,4.615672580800415e+32
3.1440555645011623e+35,7.428919150367287e+29,4.72429797673707e+32
3.2179514179588343e+35,7.526088651024196e+29,4.835483168532951e+32
3.2935840718789074e+35,7.62185921963955e+29,4.9492886402717945e+32
3.370994346898873e+35,7.716022828692164e+29,5.065776312849084e+32
3.45022402307815e+35,7.808358231435503e+29,5.185009578466415e+32
3.531315862447718e+35,7.898630255039767e+29,5.3070533359710444e+32
3.614313632089741e+35,7.986589058279328e+29,5.4319740270621175e+32
3.699262127759647e+35,8.071969352036174e+29,5.559839673385697e+32
3.7862071980633955e+35,8.154489580806715e+29,5.690719914541235e+32
3.8751957692029985e+35,8.233851063312068e+29,5.824686047022825e+32
3.966275870303646e+35,8.309737090220536e+29,5.961811064119177e+32
4.059496659336095e+35,8.391642222039488e+29,6.1021568828154354e+32
4.154908449648333e+35,8.516094998942905e+29,6.245751934136437e+32
4.252562737120816e+35,8.640011530159898e+29,6.392730221095879e+32
4.352512227959951e+35,8.763214595580658e+29,6.54317165440473e+32
4.45481086714481e+35,8.885514980811063e+29,6.697158041649859e+32
4.5595138675424544e+35,9.0067108229256e+29,6.854773132766632e+32
4.666677739707544e+35,9.126586923135079e+29,7.016102666622579e+32
4.7763603223823594e+35,9.244914024749346e+29,7.18123441874025e+32
4.888620813713659e+35,9.361448054737024e+29,7.350258250188148e+32
5.0035198032032514e+35,9.475929327102534e+29,7.523266157669412e+32
5.121119304409501e+35,9.617997039261117e+29,7.700307977913727e+32
5.241482788417437e+35,9.77507510318689e+29,7.881498342044287e+32
5.364675218095525e+35,9.932564537022162e+29,8.066957146291826e+32
5.4907630831575694e+35,1.0090318992057032e+30,8.256785182190024e+32
5.6198144360487136e+35,1.0248181259851687e+30,8.451085632510833e+32
5.7518989286748674e+35,1.0405982664105568e+30,8.649964128527141e+32
5.887087849995389e+35,1.0563542421450235e+30,8.853528808671682e+32
6.025454164499354e+35,1.072066696963737e+30,9.061890378627555e+32
6.167072551586101e+35,1.0910074536742851e+30,9.27511543782736e+32
6.312019445871393e+35,1.1105666055069997e+30,9.493356744300219e+32
6.460373078440893e+35,1.1302961521899011e+30,9.716739104545042e+32
6.612213519073215e+35,1.1501863392056726e+30,9.945383904679827e+32
6.767622719455394e+35,1.170226528389722e+30,1.0179415410156427e+33
6.926684557414052e+35,1.1904051460396116e+30,1.041896083468787e+33
7.08948488218611e+35,1.2115965014349462e+30,1.0664135623739342e+33
7.256111560753582e+35,1.2352507481485935e+30,1.0915048695272817e+33
7.426654525267329e+35,1.2592316029843086e+30,1.1171871911863247e+33
7.601205821585461e+35,1.2835358348338733e+30,1.1434744792696581e+33
7.779859658952551e+35,1.3081596178963612e+30,1.1703810165183925e+33
7.962712460846472e+35,1.3330984930295358e+30,1.197921424409783e+33
8.149862917020313e+35,1.359874234413437e+30,1.226108175630913e+33
8.34141203676744e+35,1.388250635937801e+30,1.2549569701493269e+33
8.537463203438479e+35,1.4171234689055478e+30,1.2844852890661419e+33
8.738122230239634e+35,1.4464962918544728e+30,1.3147091739168367e+33
8.943497417342435e+35,1.47637236129039e+30,1.3456450466164937e+33
9.153699610335758e+35,1.5079675733124857e+30,1.377307368922233e+33
9.368842260051695e+35,1.5412885428917526e+30,1.409713343201807e+33
9.589041483797502e+35,1.575291778586161e+30,1.442882613589286e+33
9.814416128026683e+35,1.6099885177724028e+30,1.4768331984336186e+33
1.0045087832483139e+36,1.6454119705276095e+30,1.5115835010085596e+33
1.0281181095852798e+36,1.6835684841223512e+30,1.5471485580421844e+33
1.0522823342958401e+36,1.7225972543605506e+30,1.5835513097133976e+33
1.0770144993533492e+36,1.7625176146501835e+30,1.6208115300956524e+33
1.1023279532612894e+36,1.803349297271556e+30,1.6589494620828792e+33
1.1282363582577566e+36,1.846753109345944e+30,1.697982052435849e+33
1.1547536976892755e+36,1.89136317705551e+30,1.737933706593339e+33
1.1818942835579259e+36,1.9370790480327952e+30,1.7788264217455504e+33
1.2096727642458507e+36,1.98422210392518e+30,1.820681734101695e+33
1.2381041324213149e+36,2.0338139090577434e+30,1.863520081708101e+33
1.2672037331305853e+36,2.084711869356383e+30,1.9073674723239956e+33
1.2969872720799963e+36,2.1369533697754843e+30,1.952247726386199e+33
1.3274708241126702e+36,2.19160334783083e+30,1.998182360008375e+33
1.358670841884471e+36,2.2480845103096485e+30,2.0451980619338575e+33
1.3906041647438708e+36,2.3061295922115132e+30,2.0933212500055252e+33
1.4232880278205225e+36,2.366467558519985e+30,2.1425761190120448e+33
1.4567400713274486e+36,2.4290268863152573e+30,2.192989783011427e+33
1.4909783500818548e+36,2.493386599980529e+30,2.2445909975703728e+33
1.5260213432497225e+36,2.560239280093298e+30,2.2974055903628594e+33
1.561887964319428e+36,2.6294608839501386e+30,2.3514629057984298e+33
1.5985975713097747e+36,2.700739713684332e+30,2.4067936304735733e+33
1.6361699772179507e+36,2.7749065795405606e+30,2.4634250578488124e+33
1.6746254607130476e+36,2.8514664682487645e+30,2.5213900287439725e+33
1.7139847770809095e+36,2.930551105839507e+30,2.5807196855873186e+33
1.75426916942623e+36,3.0126615239984413e+30,2.641444386078952e+33
1.7955003801379274e+36,3.097331144924073e+30,2.7035996085167555e+33
1.8377006626240034e+36,3.185173140597407e+30,2.767216617059797e+33
1.8808927933222013e+36,3.275938621169837e+30,2.832331637776467e+33
1.925100083992963e+36,3.3698524623348473e+30,2.898979131773027e+33
1.9703463943013075e+36,3.467081949510441e+30,2.9671949418135665e+33
2.0166561446944255e+36,3.567574855383947e+30,3.0370170451519676e+33
2.0640543295819434e+36,3.671679744241948e+30,3.1084818172498357e+33
2.112566530825963e+36,3.7792570595971734e+30,3.1816297253293344e+33
2.1622189315481706e+36,3.8906906041164375e+30,3.256498243352769e+33
2.21303833026145e+36,4.0058676215771693e+30,3.333130162597077e+33
2.2650521553336413e+36,4.125126993989874e+30,3.4115650239665086e+33
2.3182884797912453e+36,4.2484390688157974e+30,3.491847045151573e+33
2.3727760364710657e+36,4.3760656503637345e+30,3.57401818455971e+33
2.4285442335279662e+36,4.5080748316410085e+30,3.658124108260394e+33
2.485623170307103e+36,4.644657593445047e+30,3.744209984471596e+33
2.544043653589228e+36,4.785959410137918e+30,3.832322071379034e+33
2.603837214217784e+36,4.9321363357331376e+30,3.922509259405414e+33
2.6650361241168207e+36,5.083365166057769e+30,4.0148185249480415e+33
2.727673413708866e+36,5.239810613393006e+30,4.10930171872211e+33
2.791782889742187e+36,5.401661373626436e+30,4.2060092604597913e+33
2.8573991535370535e+36,5.569073006517382e+30,4.3049932089724214e+33
2.9245576196608395e+36,5.742276252791068e+30,4.406308148948838e+33
2.9932945350420616e+36,5.921450084749146e+30,4.51000832605753e+33
3.063646998533659e+36,6.10676113344849e+30,4.616149708468081e+33
3.135652980936072e+36,6.298477011760072e+30,4.72479056459913e+33
3.20935134549094e+36,6.496820212132919e+30,4.835989667402779e+33
3.2847818688564535e+36,6.701930396859589e+30,4.949806549850441e+33
3.361985262575721e+36,6.914093050131359e+30,5.066303418601433e+33
3.4410031950496864e+36,7.13356907132369e+30,5.1855436477954195e+33
3.52187831402651e+36,7.360604324621137e+30,5.30759183817743e+33
3.604654269619505e+36,7.595450940622651e+30,5.432514020155611e+33
3.689375737866088e+36,7.83828286077306e+30,5.5603774776225e+33
3.776088444840432e+36,8.089456298519385e+30,5.691251999993425e+33
3.8648391913328557e+36,8.349252804667167e+30,5.825208633497494e+33
3.95567587810926e+36,8.617960531671466e+30,5.962319939036098e+33
4.048647531764239e+36,8.895877501942663e+30,6.102660268259268e+33
4.143804331181835e+36,9.183312085966636e+30,6.246305726047145e+33
4.24119763461821e+36,9.480583557079188e+30,6.393334182869261e+33
4.3408800074208344e+36,9.788022878079433e+30,6.543825417374125e+33
4.4429052503991987e+36,1.0105972996616622e+31,6.697861019146582e+33
4.5473284288623036e+36,1.0434789720225391e+31,6.855524585455572e+33
4.654205902338645e+36,1.0774842010109957e+31,7.016901628704704e+33
4.7635953549947144e+36,1.1126512761544599e+31,7.182079723167817e+33
4.875555826768433e+36,1.1490199317550502e+31,7.351148512877401e+33
4.990147745234334e+36,1.1866313970167208e+31,7.524199720059737e+33
5.1074329582176743e+36,1.2255260789753673e+31,7.701327243215514e+33
5.2274747671750865e+36,1.265737754298636e+31,7.882626765126502e+33
5.350337961359807e+36,1.3073231500451477e+31,8.068197191498911e+33
5.476088852789868e+36,1.3503300614043675e+31,8.258139243819742e+33
5.604795312038198e+36,1.3948077167426838e+31,8.45255603167297e+33
5.736526804863878e+36,1.4407835991470687e+31,8.65155236932406e+33
5.871354429704372e+36,1.4883328821063514e+31,8.855237048729013e+33
6.009350956048946e+36,1.5375070793068352e+31,9.063720580615462e+33
6.15059086371399e+36,1.5883392438619268e+31,9.277115465400152e+33
6.295150383041449e+36,1.6409146791904123e+31,9.495538459016785e+33
6.443107536042035e+36,1.695264946836372e+31,9.719107273019476e+33
6.594542178505463e+36,1.751474601268677e+31,9.947944072519123e+33
6.749536043100408e+36,1.809582190397918e+31,1.0182172376731369e+34
6.908172783487458e+36,1.8696784877241471e+31,1.0421920158438987e+34
7.070538019468859e+36,1.9318004336673087e+31,1.0667316697164747e+34
7.236719383199454e+36,1.9960397336193682e+31,1.0918495954622437e+34
7.406806566483715e+36,2.0624674274619696e+31,1.1175594329523788e+34
7.580891369184409e+36,2.1311366447316305e+31,1.1438750865830458e+34
7.759067748769058e+36,2.2021402889212705e+31,1.1708108979086433e+34
7.941431871020873e+36,2.275556937085496e+31,1.1983814971738393e+34
8.12808216194159e+36,2.3514663412477383e+31,1.2266018562862871e+34
8.319119360874193e+36,2.4299514560145363e+31,1.2554873024639535e+34
8.514646574874171e+36,2.5110985511966844e+31,1.2850535265800656e+34
8.714769334358737e+36,2.5949973275019925e+31,1.315316591725547e+34
8.919595650063932e+36,2.68174103572441e+31,1.3462929419915194e+34
9.129236071340453e+36,2.7714266051789168e+31,1.3779994114750244e+34
9.34380374581961e+36,2.864154772876696e+31,1.410453233511603e+34
9.563414480481638e+36,2.9600302217644373e+31,1.4436720501387935e+34
9.788186804159315e+36,3.0591617250979777e+31,1.4776739217949787e+34
1.0018242031510629e+37,3.1616526639256435e+31,1.5124773119398637e+34
1.025370432849502e+37,3.267615374579964e+31,1.5481011348695156e+34
1.0494700779388528e+37,3.3771829680451524e+31,1.5845647962891431e+34
1.0741361455374024e+37,3.4904571590874753e+31,1.6218880660192644e+34
1.0993819484743535e+37,3.6075842689958077e+31,1.6600912900291898e+34
1.1252211124750578e+37,3.728675756031722e+31,1.6991951920543915e+34
1.1516675835151229e+37,3.8538862778908585e+31,1.7392210865829486e+34
1.178735635347371e+37,3.9833402597395645e+31,1.7801907002058257e+34
1.2064398772057004e+37,4.117186023558729e+31,1.822126326585568e+34
1.2347952616900163e+37,4.255578252972948e+31,1.865050787228681e+34
1.2638170928364867e+37,4.398669630738851e+31,1.908987426175552e+34
1.2935210343774705e+37,4.5466190352430715e+31,1.9539601425636737e+34
1.323923118195585e+37,4.699591726489181e+31,1.9999934020726693e+34
1.3550397529764746e+37,4.857759557685853e+31,2.0471122532699694e+34
1.3868877330649423e+37,5.021301183707557e+31,2.0953423386335916e+34
1.419484247529238e+37,5.190402295481599e+31,2.144709909952692e+34
1.452846889438379e+37,5.365241891301962e+31,2.195241808671492e+34
1.4869936653575274e+37,5.546024709398684e+31,2.246965558864393e+34
1.5219430050665351e+37,5.732956036829491e+31,2.2999093212481065e+34
1.5577137715069082e+37,5.926236948244493e+31,2.3541018952396376e+34
1.5943252709625596e+37,6.126090164875714e+31,2.409572798309894e+34
1.6317972634798443e+37,6.332743651635553e+31,2.466352240956617e+34
1.670149973532495e+37,6.546424389877818e+31,2.5244711272358036e+34
1.7094041009372297e+37,6.767369335214068e+31,2.5839610984719655e+34
1.7495808320259004e+37,6.995833258751348e+31,2.644854569524531e+34
1.7907018510802347e+37,7.232072064899712e+31,2.7071847039989146e+34
1.8327893520353272e+37,7.476345374717077e+31,2.7709854383400445e+34
1.875866050458205e+37,7.728935836397598e+31,2.836291547905998e+34
1.9199551958079229e+37,7.990132590271957e+31,2.903138623894074e+34
1.9650805839838246e+37,8.26021318879562e+31,2.9715630478211724e+34
2.011266570168717e+37,8.5395016658009e+31,3.0416021534154173e+34
2.0585380819739115e+37,8.828297904458519e+31,3.113294072064637e+34
2.1069206328932102e+37,9.126934462282493e+31,3.186677894411263e+34
2.156440336073114e+37,9.4357504006687e+31,3.261793623834015e+34
2.207123918406671e+37,9.755094508321615e+31,3.338682207537296e+34
2.258998734958579e+37,1.0085329822913507e+32,3.4173855675138784e+34
2.3120927837293267e+37,1.0426826728477792e+32,3.497946606983888e+34
2.366434720766344e+37,1.0779974044171985e+32,3.5804092581128775e+34
2.4220538756303075e+37,1.114518042155413e+32,3.664818510082166e+34
2.4789802672249684e+37,1.1522855840230821e+32,3.7512203861204867e+34
2.5372446199990205e+37,1.191343208525607e+32,3.8396620175434716e+34
2.5968783805287784e+37,1.2317360856814772e+32,3.930191663683141e+34
2.657913734490596e+37,1.2735105874717339e+32,4.0228587173532795e+34
2.7203836240322e+37,1.3167150718251535e+32,4.117713749482185e+34
2.784321765552301e+37,1.3613984242006362e+32,4.214808498848292e+34
2.8497626678980916e+37,1.407614211748015e+32,4.3141960013998955e+34
2.916741650990445e+37,1.4554148993890291e+32,4.415930473225307e+34
2.9852948648868655e+37,1.5048575207771168e+32,4.52006748014072e+34
3.055459309292485e+37,1.556000107640204e+32,4.626663875371365e+34
3.1272728535296347e+37,1.6089033500723348e+32,4.735777870175168e+34
3.2007742569767606e+37,1.6636306063751584e+32,4.84746906283659e+34
3.276003189987737e+37,1.720246705569076e+32,4.961798437573484e+34
3.3530002553028376e+37,1.7788214107526664e+32,5.078828483279523e+34
3.4318070099629477e+37,1.8394258227529345e+32,5.198623131356712e+34
3.5124659877388287e+37,1.9021344332628153e+32,5.3212478392604415e+34
3.595020722087548e+37,1.967025419272774e+32,5.446769629973643e+34
3.6795157696484615e+37,2.0341808363658563e+32,5.575257129469535e+34
3.7659967342914237e+37,2.1036852333182273e+32,5.706780559660891e+34
3.854510291730231e+37,2.175628804080673e+32,5.841411858432641e+34
3.945104214714533e+37,2.250105072111352e+32,5.97922464756248e+34
4.0378273988138715e+37,2.3272125530213078e+32,6.120294312491517e+34
4.132729888807704e+37,2.4070544837244803e+32,6.26469802717114e+34
4.2298629056956955e+37,2.4897397005492188e+32,6.41251481357921e+34
4.3292788743428415e+37,2.5753822481476383e+32,6.563825561467305e+34
4.43103145177434e+37,2.6641028811623124e+32,6.718713110008057e+34
4.535175556135487e+37,2.7560282590956537e+32,6.8772622515510075e+34
4.641767396332235e+37,2.851292964022069e+32,7.039559835693401e+34
4.750864502368397e+37,2.9500382050769748e+32,7.205694750223234e+34
4.862525756395875e+37,3.0524136151929406e+32,7.375758015859975e+34
4.976811424494684e+37,3.158577866801001e+32,7.549842843030152e+34
5.093783189199891e+37,3.268698832594155e+32,7.728044662312658e+34
5.213504182793079e+37,3.382954460290853e+32,7.91046118468378e+34
5.33603902137624e+37,3.501533643990482e+32,8.097192462045841e+34
5.461453839746538e+37,3.624637121662699e+32,8.288340952539771e+34
5.589816327090741e+37,3.7524780805063255e+32,8.484011553418685e+34
5.7211957635185905e+37,3.885283488514995e+32,8.684311692042405e+34
5.855663057454823e+37,4.023294937220799e+32,8.889351369229727e+34
5.993290783910047e+37,4.166769797701288e+32,9.099243245198942e+34
6.134153223651088e+37,4.315982385309836e+32,9.314102669676434e+34
6.278326403291999e+37,4.471225227057326e+32,9.534047783987728e+34
6.425888136327308e+37,4.6328105245399294e+32,9.759199565886636e+34
6.5769180651297205e+37,4.8010713168361146e+32,9.989681925332444e+34
6.73149770393488e+37,4.976363144619436e+32,1.0225621759172142e+35
6.889710482836437e+37,5.159065713768871e+32,1.0467149026878482e+35
7.051641792815129e+37,5.3495841348769086e+32,1.0714396842270125e+35
7.217379031826216e+37,5.548350674182304e+32,1.0967501544096083e+35
7.387011651970104e+37,5.755826034621671e+32,1.1226602784879378e+35
7.56063120777166e+37,5.972500988770391e+32,1.149184360943259e+35
7.738331405594229e+37,6.198898618327401e+32,1.1763370528913338e+35
7.920208154215057e+37,6.435573220110946e+32,1.2041333650860765e+35
8.106359616589416e+37,6.683114899023894e+32,1.232588671838433e+35
8.296886262831348e+37,6.942148529185941e+32,1.2617187255308332e+35
8.4918909244396205e+37,7.213342457093103e+32,1.2915396625322888e+35
8.691478849798215e+37,7.497425847996067e+32,1.3220680147905104e+35
8.895757760981212e+37,7.795247429207785e+32,1.3533207213126823e+35
9.104837911892834e+37,8.107973499434329e+32,1.385315142970447e+35
9.318832147773919e+37,8.437777514103468e+32,1.4180690848902634e+35
9.537855966107037e+37,8.630513507504728e+32,1.4515989404977022e+35
9.762027578953089e+37,8.991958948834103e+32,1.4859238505119196e+35
9.991467976752971e+37,9.487427341616299e+32,1.5210651184144598e+35
1.0226300993628838e+38,1.0013570746782687e+33,1.5570440896811166e+35
1.0466653374220161e+38,1.0573872153297168e+33,1.5938817927006235e+35
1.0712654842090636e+38,1.1172051669885722e+33,1.6315989039910961e+35
1.0964438169742913e+38,1.180987792159823e+33,1.6702170666216e+35
1.1222139250278868e+38,1.2490618574016383e+33,1.7097581925155055e+35
1.1485897170744172e+38,1.3217821198311433e+33,1.7502448031295628e+35
1.1755854287196683e+38,1.3997725987323857e+33,1.791701313708547e+35
1.2032156301539192e+38,1.4835710791378737e+33,1.834151190899038e+35
1.2314952340157996e+38,1.5734357283517852e+33,1.877619204662504e+35
1.2604395034409783e+38,1.6698809055085906e+33,1.9221304367528376e+35
1.2900640603000155e+38,1.7734639743855797e+33,1.9677106262337724e+35
1.3203848936298375e+38,1.8852688221147555e+33,2.0143885876746137e+35
1.35141836826338e+38,2.006016815371111e+33,2.0621909239307017e+35
1.383181233662052e+38,2.1361146928075194e+33,2.111146176526601e+35
1.4156906329557988e+38,2.2763597015422292e+33,2.1612832645281166e+35
1.4489641121956287e+38,2.427613245801526e+33,2.2126317708498572e+35
1.4830196298236138e+38,2.591694976634882e+33,2.2652264245590503e+35
1.5178755663654624e+38,2.769495042570826e+33,2.3190972221310843e+35
1.5535507343508983e+38,2.9616792307610316e+33,2.3742773756598254e+35
1.5900643884672074e+38,3.169458015984716e+33,2.4308005361237904e+35
1.6274362359514231e+38,3.394134203718187e+33,2.4887009309483474e+35
1.6656864472267612e+38,3.638651415413242e+33,2.5480214574541763e+35
1.7048356667890525e+38,3.9039904923996923e+33,2.608795542873963e+35
1.7449050243490375e+38,4.191245283373575e+33,2.6710623430876873e+35
1.7859161462365446e+38,4.5022055984912556e+33,2.7348614451009665e+35
1.827891167072707e+38,4.8387872037172336e+33,2.800232737827302e+35
1.8708527417165085e+38,5.205555685276296e+33,2.8672305712758846e+35
1.9148240574921263e+38,5.603405817295779e+33,2.9358914149900357e+35
1.9598288467036407e+38,6.034096046564554e+33,3.0062621695585185e+35
2.005891399443897e+38,6.500187110351689e+33,3.0783899642833905e+35
2.0530365767044106e+38,7.004400458741543e+33,3.1523216178664385e+35
2.101289823793401e+38,7.553481843416632e+33,3.2281275521427557e+35
2.150677184069195e+38,8.147944529612131e+33,3.30584619005112e+35
2.2012253129964124e+38,8.790517053593113e+33,3.385534682320561e+35
2.2529614925325102e+38,9.484728539891301e+33,3.467249800922665e+35
2.305913645852478e+38,1.0234295171013394e+34,3.5510468283361644e+35
2.360110352419589e+38,1.1048656578223506e+34,3.637018453273116e+35
2.4155808634103843e+38,1.192758334297574e+34,3.725202971272026e+35
2.472355117502186e+38,1.2875139267584547e+34,3.815671181927726e+35
2.5304637570316707e+38,1.389601582830116e+34,3.908492179050493e+35
2.589938144533225e+38,1.499510007894822e+34,4.0037315021694114e+35
2.6508103796660135e+38,1.618489350881436e+34,4.10151200357231e+35
2.713113316538872e+38,1.746415069592628e+34,4.201868589613811e+35
2.7768805814424183e+38,1.8838694495847289e+34,4.3048902005335624e+35
2.8421465909979093e+38,2.031459757977048e+34,4.410661615802917e+35
2.908946570732658e+38,2.189865075436939e+34,4.5192639648860195e+35
2.9773165740920504e+38,2.3605023110037222e+34,4.630850077381156e+35
3.0472935018983857e+38,2.543308661448612e+34,4.7454569087604636e+35
3.1189151222670856e+38,2.73903694813399e+34,4.863194065193598e+35
3.1922200909909872e+38,2.9484635242620173e+34,4.984166245435651e+35
3.2672479724037428e+38,3.172501729090485e+34,5.10847517864971e+35
3.344039260733576e+38,3.4127087219348407e+34,5.236307275665015e+35
3.422635401958924e+38,3.669169259258052e+34,5.367704208747456e+35
3.5030788161777575e+38,3.942847008418834e+34,5.502800964586154e+35
3.585412920502666e+38,4.234733480201443e+34,5.641727572713342e+35
3.669682152494038e+38,4.546022187652296e+34,5.784612198346875e+35
3.7559319941440084e+38,4.878432222369239e+34,5.931679435884651e+35
3.844208996424114e+38,5.232275762341201e+34,6.082979028263799e+35
3.93456080440989e+38,5.608787700716877e+34,6.238677459068249e+35
4.027036182995991e+38,6.00923835900087e+34,6.398937109850747e+35
4.121685043215682e+38,6.435155231206398e+34,6.563919529125804e+35
4.2185584691789624e+38,6.888478302771332e+34,6.733893129291687e+35
4.31770874564379e+38,7.369825968183594e+34,6.90892049696314e+35
4.419189386235341e+38,7.880780336473578e+34,7.08920723838922e+35
4.523055162328506e+38,8.422972343187702e+34,7.274957252131349e+35
4.6293621326092395e+38,8.998323385774592e+34,7.466373611961563e+35
4.738167673330675e+38,9.609084949460004e+34,7.663775850874735e+35
4.849530509280388e+38,1.0256259660172825e+35,7.867245753246075e+35
4.963510745475466e+38,1.0941869435722713e+35,8.077037484959526e+35
5.0801698996025435e+38,1.1668008868734703e+35,8.29340841552256e+35
5.199570935220268e+38,1.2437053864570903e+35,8.516612525771859e+35
5.3217782957421455e+38,1.3251687191672626e+35,8.747030077519213e+35
5.4468579392180955e+38,1.4113380588971037e+35,8.984770257919449e+35
5.574877373933489e+38,1.5024706120913525e+35,9.230147356002109e+35
5.705905694844873e+38,1.59883512983239e+35,9.483487762693292e+35
5.84001362087208e+38,1.700719996803801e+35,9.745106934958942e+35
5.977273533066809e+38,1.808452672712256e+35,1.0015458521827229e+36
6.1177595136782885e+38,1.9222368783041323e+35,1.029468960519278e+36
6.2615473861371445e+38,2.042397808860308e+35,1.0583188625184118e+36
6.4087147559789944e+38,2.169279835948096e+35,1.0881371157103336e+36
6.559341052729886e+38,2.3032261078533688e+35,1.1189625704708484e+36
6.71350757277621e+38,2.444644682324755e+35,1.1508496021795901e+36
6.871297523242162e+38,2.5938074850647204e+35,1.1838180435842767e+36
7.032796066898509e+38,2.7511232024097324e+35,1.2179158415886845e+36
7.198090368126827e+38,2.9170327153555653e+35,1.2531960802479625e+36
7.367269639964086e+38,3.091934743940391e+35,1.2897061354895542e+36
7.540425192252907e+38,3.27634831458731e+35,1.3275116123211832e+36
7.71765048092355e+38,3.470626710504608e+35,1.3666391624600916e+36
7.899041158434159e+38,3.67528051627048e+35,1.4071478508155974e+36
8.084695125396535e+38,3.890874301934421e+35,1.449105651579787e+36
8.2747125834153e+38,4.1178593421541925e+35,1.4925696941190512e+36
8.469196089168937e+38,4.356907937350513e+35,1.537619778984681e+36
8.668250609761933e+38,4.608469927031686e+35,1.5842915168143364e+36
8.871983579377874e+38,4.8731795976703e+35,1.632657483817722e+36
9.08050495726408e+38,5.151760528365653e+35,1.6828048733523094e+36
9.293927287079082e+38,5.444709012581289e+35,1.7348017241102855e+36
9.512365757634934e+38,5.752908319745643e+35,1.7887460139767807e+36
9.735938265067231e+38,6.076922549602416e+35,1.8446850016035017e+36
9.96476547646624e+38,6.417535804611234e+35,1.902707605770809e+36
1.01989708950037e+39,6.77567691241515e+35,1.9629257993173783e+36
1.0438680926590193e+39,7.151873695416748e+35,2.0254195129547887e+36
1.068402494809927e+39,7.547298954361632e+35,2.090310256018476e+36
1.0935135377195049e+39,7.962651464302346e+35,2.1576602963175183e+36
1.1192147743800988e+39,8.39889617643233e+35,2.2275782385447e+36
1.1455200763248422e+39,8.857227585317654e+35,2.3002079651028354e+36
1.1724436411144341e+39,9.338187213927284e+35,2.3756419868117251e+36
1.199999999999878e+39,9.843338648399118e+35,2.4540325287769986e+36
